[
    {
        "title": "Romantic Paris",
        "destination": "Paris",
        "price": 1500,
        "tourists": 55
    },
    {
        "title": "Amazing New York",
        "destination": "New York",
        "price": 2699,
        "tourists": 21
    },
    {
        "title": "Spectacular Sydey",
        "destination": "Sydey",
        "price": 4130,
        "tourists": 9
    },
    {
        "title": "Hidden Paris",
        "destination": "Paris",
        "price": 1700,
        "tourists": 10
    },
    {
        "title": "Emperors of the past",
        "destination": "Beijing",
        "price": null,
        "tourists": 10
    }
]